id;auto_id;title;update_time;modify_source;external_id;modify_type;modified_count;modify_status;order_detail_id;manager_id;manager_value;system_id;system_value;department_id;department_value
1;54684;Personal Loan Account hard drive;10302;IPMANAGER;72394;IPRECOVERY;49009;IPMANAGER;93504;71447;maroon paradigm Manager;99089;Multi-lateral Soap proactive;94493;SAS Licensed Cotton Ball Sleek Wooden Computer
2;34048;connecting hard drive;39939;ITSM;37426;IPRECOVERY;83717;IPMANAGER;32411;13722;payment auxiliary THX;92668;Rubber;1444;Berkshire Oman Generic
3;76420;Tugrik Australia indexing;71127;IPMANAGER;65753;IPAPPLY;98382;IPMANAGER;32012;62271;Oregon cohesive;64343;monetize magenta Vermont;64599;Alley Moldova
4;95684;generating navigate;56649;ITSM;49028;IPAPPLY;79381;IPMANAGER;6616;80997;Computers Unbranded Rubber Chips FTP;28829;installation Accounts;58125;paradigms Alabama
5;98540;bus Nevada;34663;IPMANAGER;34801;IPMODIFY;43495;ITSM;8092;35207;turquoise;13057;Rand;89106;Forks zero defect
6;30869;Manat port;10590;ITSM;2746;IPMODIFY;63462;ITSM;65894;49961;Investor Sri Lanka Rupee De-engineered;68386;partnerships compress;88162;Branding
7;59264;South Carolina bandwidth-monitored;78662;ITSM;42795;IPAPPLY;65689;IPMANAGER;65214;642;optimize Outdoors;97913;SDD maroon back up;84306;Concrete Plastic
8;43971;process improvement;44854;ITSM;67001;IPMODIFY;595;IPMANAGER;78886;45408;auxiliary purple Hong Kong Dollar;76349;Port array zero administration;99600;alliance Generic Plastic Mouse
9;84754;Response;76415;ITSM;33114;IPMODIFY;53087;ITSM;15954;20919;driver Principal El Salvador Colon US Dollar;86512;Bedfordshire;68600;protocol
10;62276;multi-state;71469;ITSM;11113;IPRECOVERY;30664;IPMANAGER;49237;34929;Pizza Central full-range;54990;Gloves Small Fresh Chicken Dynamic;64597;Synchronised Handcrafted Fresh Salad
